mirror,model_type,train_type,eval_profile,seed,pos_err_median_60s,pos_err_p95_60s,anomaly_class,rollout_run_id
g3_5_5,ablate_diag_damping,clean_train,clean,42,3.932515743147452,14.23923336472324,ok,resampled_traj30_seed42_20260405_031828
g3_5_5,ablate_diag_damping,clean_train,clean,43,4.8152226064034105,10.968505379946908,ok,resampled_traj30_seed42_20260405_032112
g3_5_5,ablate_diag_damping,clean_train,clean,44,0.6908214106700917,1.9289107604112574,ok,resampled_traj30_seed42_20260405_032356
g3_5_5,ablate_diag_damping,clean_train,clean,45,5.601592753078224,11.03785952751664,ok,resampled_traj30_seed42_20260405_112932
g3_5_5,ablate_diag_damping,clean_train,clean,46,5.692204426555017,11.656455366586409,ok,resampled_traj30_seed42_20260405_113216
g3_5_5,ablate_diag_damping,clean_train,clean,47,4.263036238873397,11.909597401646076,ok,resampled_traj30_seed42_20260405_113459
g3_5_5,ablate_bu_only,clean_train,clean,42,23.08364295528501,57.45125657191778,rollout_diverged,resampled_traj30_seed42_20260405_033452
g3_5_5,ablate_bu_only,clean_train,clean,43,18.356636341869823,52.438943231712635,rollout_diverged,resampled_traj30_seed42_20260405_033737
g3_5_5,ablate_bu_only,clean_train,clean,44,23.85329224129267,58.84574685328228,rollout_diverged,resampled_traj30_seed42_20260405_034021
g3_5_5,ablate_bu_only,clean_train,clean,45,53.76580537478232,77.58719653200464,rollout_diverged,resampled_traj30_seed42_20260405_114552
g3_5_5,ablate_bu_only,clean_train,clean,46,22.521203285646493,57.438982582407824,rollout_diverged,resampled_traj30_seed42_20260405_114840
g3_5_5,ablate_bu_only,clean_train,clean,47,25.19960873932293,66.05906426843191,rollout_diverged,resampled_traj30_seed42_20260405_115124
g3_5_5,phnode_merged_force,clean_train,clean,42,1.6233324424184445,4.326207867111741,ok,resampled_traj30_seed42_20260405_005110
g3_5_5,phnode_merged_force,clean_train,clean,43,1.5025600832624364,3.8641706875922184,ok,resampled_traj30_seed42_20260405_005358
g3_5_5,phnode_merged_force,clean_train,clean,44,1.371266493037076,4.292963917813066,ok,resampled_traj30_seed42_20260405_005652
g3_5_5,blackbox_fullstate,noisy_train,clean,43,nan,nan,rollout_diverged,resampled_traj30_seed42_20260409_213547
g3_5_5,blackbox_fullstate,noisy_train,clean,44,147.87023164781365,147.87023164781365,rollout_diverged,resampled_traj30_seed42_20260409_214759
g3_5_5,blackbox_fullstate,noisy_train,clean,45,nan,nan,rollout_diverged,resampled_traj30_seed42_20260409_220033
g3_5_5,blackbox_fullstate,noisy_train,nominal_eval,43,nan,nan,rollout_diverged,resampled_traj30_seed42_20260409_213547
g3_5_5,blackbox_fullstate,noisy_train,nominal_eval,44,148.2959285368977,148.2959285368977,rollout_diverged,resampled_traj30_seed42_20260409_214759
g3_5_5,blackbox_fullstate,noisy_train,nominal_eval,45,nan,nan,rollout_diverged,resampled_traj30_seed42_20260409_220033
g3_5_5,blackbox_fullstate,noisy_train,degraded_eval,43,nan,nan,rollout_diverged,resampled_traj30_seed42_20260409_213547
g3_5_5,blackbox_fullstate,noisy_train,degraded_eval,44,148.7895845349668,148.7895845349668,rollout_diverged,resampled_traj30_seed42_20260409_214759
g3_5_5,blackbox_fullstate,noisy_train,degraded_eval,45,nan,nan,rollout_diverged,resampled_traj30_seed42_20260409_220033
g3_5_5,blackbox_fullstate,noisy_train,heading_biased_eval,43,nan,nan,rollout_diverged,resampled_traj30_seed42_20260409_213547
g3_5_5,blackbox_fullstate,noisy_train,heading_biased_eval,44,147.81167829097106,147.81167829097106,rollout_diverged,resampled_traj30_seed42_20260409_214759
g3_5_5,blackbox_fullstate,noisy_train,heading_biased_eval,45,nan,nan,rollout_diverged,resampled_traj30_seed42_20260409_220033
g3_5_5,se3_momentum_blackbox,noisy_train,clean,43,2.75562119728518,6.389737342884018,ok,resampled_traj30_seed42_20260409_201050
g3_5_5,se3_momentum_blackbox,noisy_train,clean,44,1.1405108634421108,2.78753903297158,ok,resampled_traj30_seed42_20260409_202515
g3_5_5,se3_momentum_blackbox,noisy_train,clean,45,1.4624844866908453,4.189087433125095,ok,resampled_traj30_seed42_20260409_203940
g3_5_5,se3_momentum_blackbox,noisy_train,nominal_eval,43,3.059036472250109,6.836684107838981,ok,resampled_traj30_seed42_20260409_201050
g3_5_5,se3_momentum_blackbox,noisy_train,nominal_eval,44,1.274570608453739,4.177616415985275,ok,resampled_traj30_seed42_20260409_202515
g3_5_5,se3_momentum_blackbox,noisy_train,nominal_eval,45,1.6891817044888107,4.824399773329904,ok,resampled_traj30_seed42_20260409_203940
g3_5_5,se3_momentum_blackbox,noisy_train,degraded_eval,43,3.6898250150567193,8.701301067670721,ok,resampled_traj30_seed42_20260409_201050
g3_5_5,se3_momentum_blackbox,noisy_train,degraded_eval,44,1.8907756867764471,6.66588867541478,ok,resampled_traj30_seed42_20260409_202515
g3_5_5,se3_momentum_blackbox,noisy_train,degraded_eval,45,2.379143791687821,6.772494646049033,ok,resampled_traj30_seed42_20260409_203940
g3_5_5,se3_momentum_blackbox,noisy_train,heading_biased_eval,43,3.4326760002962295,9.364190924848334,ok,resampled_traj30_seed42_20260409_201050
g3_5_5,se3_momentum_blackbox,noisy_train,heading_biased_eval,44,3.2842390473686334,6.4686375667382805,ok,resampled_traj30_seed42_20260409_202515
g3_5_5,se3_momentum_blackbox,noisy_train,heading_biased_eval,45,3.1855874304020366,6.464170829484032,ok,resampled_traj30_seed42_20260409_203940
g3_5_5,se3_accel_blackbox,noisy_train,clean,43,3.8452310860386176,11.444059915449746,ok,resampled_traj30_seed42_20260409_205410
g3_5_5,se3_accel_blackbox,noisy_train,clean,44,5.704362083354877,27.690730706088917,ok,resampled_traj30_seed42_20260409_210755
g3_5_5,se3_accel_blackbox,noisy_train,clean,45,6.817306019713156,29.42769982816135,ok,resampled_traj30_seed42_20260409_212152
g3_5_5,se3_accel_blackbox,noisy_train,nominal_eval,43,3.7266281749050343,11.81464971306162,ok,resampled_traj30_seed42_20260409_205410
g3_5_5,se3_accel_blackbox,noisy_train,nominal_eval,44,5.9006597194965575,27.81717645638592,ok,resampled_traj30_seed42_20260409_210755
g3_5_5,se3_accel_blackbox,noisy_train,nominal_eval,45,7.213619366952423,29.224524224514617,ok,resampled_traj30_seed42_20260409_212152
g3_5_5,se3_accel_blackbox,noisy_train,degraded_eval,43,4.071451750303686,12.251769168082054,ok,resampled_traj30_seed42_20260409_205410
g3_5_5,se3_accel_blackbox,noisy_train,degraded_eval,44,6.67319833174658,28.540843381163302,ok,resampled_traj30_seed42_20260409_210755
g3_5_5,se3_accel_blackbox,noisy_train,degraded_eval,45,7.4620682656307515,28.91975030480412,ok,resampled_traj30_seed42_20260409_212152
g3_5_5,se3_accel_blackbox,noisy_train,heading_biased_eval,43,4.3502252252064375,13.980690211863083,ok,resampled_traj30_seed42_20260409_205410
g3_5_5,se3_accel_blackbox,noisy_train,heading_biased_eval,44,6.330729092769073,27.44215895556287,ok,resampled_traj30_seed42_20260409_210755
g3_5_5,se3_accel_blackbox,noisy_train,heading_biased_eval,45,7.2204443578393755,28.794199239865115,ok,resampled_traj30_seed42_20260409_212152
